Name,Level,Description,Rare or Uncommon,Is Cantrip,Is Focus,Heightenable,Traditions,URL
Approximate,1,Magically estimate the number of nearby objects.,,✓,,,"Arcane, Divine, Occult, Primal",https://2e.aonprd.com/Spells.aspx?ID=864
Bullhorn,1,Magnify your voice to be heard at a distance.,,✓,,✓,"Arcane, Divine, Occult",https://2e.aonprd.com/Spells.aspx?ID=877
Chill Touch,1,Your touch hurts the living or disorients undead.,,✓,,✓,"Arcane, Divine, Occult",https://2e.aonprd.com/Spells.aspx?ID=35
Dancing Lights,1,Create four floating lights you can move.,,✓,,,"Arcane, Occult, Primal",https://2e.aonprd.com/Spells.aspx?ID=58
Daze,1,Damage a creature's mind and possibly stun it.,,✓,,✓,"Arcane, Divine, Occult",https://2e.aonprd.com/Spells.aspx?ID=61
Detect Magic,1,Sense whether magic is nearby.,,✓,,✓,"Arcane, Divine, Occult, Primal",https://2e.aonprd.com/Spells.aspx?ID=66
Forbidding Ward,1,Protect an ally against one specific enemy.,,✓,,✓,"Divine, Occult",https://2e.aonprd.com/Spells.aspx?ID=126
Ghost Sound,1,Make false sounds.,,✓,,✓,"Arcane, Occult",https://2e.aonprd.com/Spells.aspx?ID=132
Guidance,1,Divine guidance improves one roll.,,✓,,,"Divine, Occult, Primal",https://2e.aonprd.com/Spells.aspx?ID=142
Haunting Hymn,1,A powerful hymn harms and deafens.,,✓,,✓,"Divine, Occult",https://2e.aonprd.com/Spells.aspx?ID=924
Infectious Enthusiasm,1,Encourage yourself and an ally to improve one roll apiece.,,✓,,,"Arcane, Occult",https://2e.aonprd.com/Spells.aspx?ID=932
Invoke True Name,1,You speak the true name of a creature to more surely affect it with your magic.,Rare,✓,,,"Arcane, Divine, Occult, Primal",https://2e.aonprd.com/Spells.aspx?ID=1065
Join Pasts,1,Share thoughts and experiences with allies.,Uncommon,✓,,✓,Occult,https://2e.aonprd.com/Spells.aspx?ID=552
Know Direction,1,Find true north.,,✓,,✓,"Divine, Occult, Primal",https://2e.aonprd.com/Spells.aspx?ID=169
Light,1,Make an object glow.,,✓,,✓,"Arcane, Divine, Occult, Primal",https://2e.aonprd.com/Spells.aspx?ID=171
Mage Hand,1,Command a floating hand to move an object.,,✓,,✓,"Arcane, Occult",https://2e.aonprd.com/Spells.aspx?ID=177
Message,1,"Speak a message to a distant creature, who can reply.",,✓,,✓,"Arcane, Divine, Occult",https://2e.aonprd.com/Spells.aspx?ID=190
Prestidigitation,1,Perform a minor magical trick.,,✓,,,"Arcane, Divine, Occult, Primal",https://2e.aonprd.com/Spells.aspx?ID=229
Protect Companion,1,Shield your eidolon or minion from harm.,,✓,,✓,"Arcane, Divine, Occult, Primal",https://2e.aonprd.com/Spells.aspx?ID=975
Read Aura,1,"Detect if an object is magical, and determine the school of its magic.",,✓,,✓,"Arcane, Divine, Occult, Primal",https://2e.aonprd.com/Spells.aspx?ID=246
Read the Air,1,Pick up societal cues.,,✓,,,"Divine, Occult",https://2e.aonprd.com/Spells.aspx?ID=981
Shield,1,A shield of magical force blocks attacks and magic missiles.,,✓,,✓,"Arcane, Divine, Occult",https://2e.aonprd.com/Spells.aspx?ID=280
Sigil,1,Leave a magical mark.,,✓,,✓,"Arcane, Divine, Occult, Primal",https://2e.aonprd.com/Spells.aspx?ID=286
Summon Instrument,1,Conjure a musical instrument.,,✓,,✓,"Divine, Occult",https://2e.aonprd.com/Spells.aspx?ID=721
Tame,1,Make a domesticated animal friendlier to you.,,✓,,✓,"Occult, Primal",https://2e.aonprd.com/Spells.aspx?ID=1014
Telekinetic Projectile,1,Fling an object at a creature.,,✓,,✓,"Arcane, Occult",https://2e.aonprd.com/Spells.aspx?ID=334
Wash Your Luck,1,Ignore misfortune once.,,✓,,,"Divine, Occult",https://2e.aonprd.com/Spells.aspx?ID=1031
Agitate,1,"You send the target’s mind and body into overdrive, forcing it to become restless and hyperactive.",,,,✓,"Arcane, Occult",https://2e.aonprd.com/Spells.aspx?ID=566
Alarm,1,Be alerted if a creature enters a warded area.,,,,✓,"Arcane, Divine, Occult, Primal",https://2e.aonprd.com/Spells.aspx?ID=7
Animate Dead,1,Animate an undead creature to fight on your behalf.,,,,✓,"Arcane, Divine, Occult",https://2e.aonprd.com/Spells.aspx?ID=666
Animate Rope,1,Command a rope to move and tie as you wish.,,,,✓,"Arcane, Occult",https://2e.aonprd.com/Spells.aspx?ID=667
Anticipate Peril,1,You grant the target brief foresight.,,,,✓,"Arcane, Occult",https://2e.aonprd.com/Spells.aspx?ID=568
Bane,1,Weaken enemies' attacks in an aura around you.,,,,,"Divine, Occult",https://2e.aonprd.com/Spells.aspx?ID=18
Biting Words,1,Hurl sonic taunts to hurt creatures.,,,,✓,Occult,https://2e.aonprd.com/Spells.aspx?ID=868
Bless,1,Strengthen allies' attacks in an aura around you.,,,,,"Divine, Occult",https://2e.aonprd.com/Spells.aspx?ID=25
Breadcrumbs,1,Make a trail behind a creature.,,,,✓,"Arcane, Divine, Occult, Primal",https://2e.aonprd.com/Spells.aspx?ID=876
Charm,1,A creature becomes more friendly to you.,,,,✓,"Arcane, Occult, Primal",https://2e.aonprd.com/Spells.aspx?ID=34
Color Spray,1,Swirling colors dazzle or stun creatures.,,,,,"Arcane, Occult",https://2e.aonprd.com/Spells.aspx?ID=44
Command,1,"Bid a creature to approach, run, release something, lie prone, or stand up.",,,,✓,"Arcane, Divine, Occult",https://2e.aonprd.com/Spells.aspx?ID=45
Concordant Choir,1,Damage foes with music.,,,,✓,"Divine, Occult",https://2e.aonprd.com/Spells.aspx?ID=886
Déjà Vu,1,Make a creature do the same thing again.,,,,,"Arcane, Occult",https://2e.aonprd.com/Spells.aspx?ID=684
Detect Alignment,1,See auras of a chosen alignment.,Uncommon,,,✓,"Divine, Occult",https://2e.aonprd.com/Spells.aspx?ID=65
Draw Ire,1,Mentally sting a creature's mind to make it less capable of attacking creatures other than you.,,,,✓,"Arcane, Occult",https://2e.aonprd.com/Spells.aspx?ID=897
Echoing Weapon,1,Your attacks build up to release a sonic pulse.,,,,✓,"Arcane, Divine, Occult",https://2e.aonprd.com/Spells.aspx?ID=899
Endure,1,You invigorate the touched creature’s mind and urge it to press on.,,,,✓,"Arcane, Occult",https://2e.aonprd.com/Spells.aspx?ID=573
Exchange Image,1,Trade appearances with the target.,Uncommon,,,,"Arcane, Occult",https://2e.aonprd.com/Spells.aspx?ID=549
Fear,1,"Frighten a creature, possibly making it flee.",,,,✓,"Arcane, Divine, Occult, Primal",https://2e.aonprd.com/Spells.aspx?ID=110
Floating Disk,1,"A disk of energy follows you, carrying objects.",,,,,"Arcane, Occult",https://2e.aonprd.com/Spells.aspx?ID=124
Friendfetch,1,"You shoot out ephemeral, telekinetic strands that drag each target directly toward you, stopping in the closest unoccupied space to you in this path.",Uncommon,,,,"Arcane, Occult",https://2e.aonprd.com/Spells.aspx?ID=860
Gravitational Pull,1,Pull one or more creatures towards you using gravity.,,,,,"Arcane, Occult",https://2e.aonprd.com/Spells.aspx?ID=921
Grim Tendrils,1,Creatures in a line take negative damage and bleed.,,,,✓,"Arcane, Occult",https://2e.aonprd.com/Spells.aspx?ID=141
Ill Omen,1,Curse a creature with misfortune.,,,,,Occult,https://2e.aonprd.com/Spells.aspx?ID=696
Illusory Disguise,1,Make yourself look like a different creature.,,,,✓,"Arcane, Occult",https://2e.aonprd.com/Spells.aspx?ID=159
Illusory Object,1,Form a convincing illusion of an object.,,,,✓,"Arcane, Occult",https://2e.aonprd.com/Spells.aspx?ID=160
Imprint Message,1,Put a false psychic imprint on an object.,,,,,Occult,https://2e.aonprd.com/Spells.aspx?ID=698
Invisible Item,1,Make an item disappear from view.,,,,✓,"Arcane, Occult",https://2e.aonprd.com/Spells.aspx?ID=700
Item Facade,1,Disguise an item to look perfect or shoddy.,,,,✓,"Arcane, Occult",https://2e.aonprd.com/Spells.aspx?ID=166
Liberating Command,1,"You call out a liberating cry, urging an ally to break free of an effect that holds them in place.",,,,,Occult,https://2e.aonprd.com/Spells.aspx?ID=580
Lock,1,Make a lock hard to open.,,,,✓,"Arcane, Divine, Occult",https://2e.aonprd.com/Spells.aspx?ID=174
Lose the Path,1,React to impede and possibly divert a Stride.,,,,,"Occult, Primal",https://2e.aonprd.com/Spells.aspx?ID=940
Mage Armor,1,Ward yourself with magical armor.,,,,✓,"Arcane, Occult",https://2e.aonprd.com/Spells.aspx?ID=176
Magic Aura,1,Change how an item's magic appears to detecting spells.,Uncommon,,,✓,"Arcane, Occult",https://2e.aonprd.com/Spells.aspx?ID=178
Magic Missile,1,Pelt creatures with unerring bolts of magical force.,,,,✓,"Arcane, Occult",https://2e.aonprd.com/Spells.aspx?ID=180
Magic Weapon,1,Make a weapon temporarily magical.,,,,,"Arcane, Divine, Occult",https://2e.aonprd.com/Spells.aspx?ID=182
Mending,1,Repair one non-magical item.,,,,✓,"Arcane, Divine, Occult, Primal",https://2e.aonprd.com/Spells.aspx?ID=189
Message Rune,1,You record a message up to 5 minutes long and inscribe a special rune on any flat unattended surface within reach.,,,,,"Arcane, Occult",https://2e.aonprd.com/Spells.aspx?ID=581
Mindlink,1,Mentally impart 10 minutes' worth of information in an instant.,,,,,Occult,https://2e.aonprd.com/Spells.aspx?ID=195
Nudge the Odds,1,Cheat at gambling.,Uncommon,,,✓,"Arcane, Divine, Occult",https://2e.aonprd.com/Spells.aspx?ID=957
Object Reading,1,Get psychic impressions from an object.,,,,✓,Occult,https://2e.aonprd.com/Spells.aspx?ID=705
Penumbral Shroud,1,You envelop the target in a shroud of shadow.,,,,,"Arcane, Occult",https://2e.aonprd.com/Spells.aspx?ID=582
Pet Cache,1,Hide a familiar or animal companion in a pocket dimension.,,,,,"Arcane, Divine, Occult, Primal",https://2e.aonprd.com/Spells.aspx?ID=706
Phantom Pain,1,Cause a creature ongoing pain that sickens it.,,,,✓,Occult,https://2e.aonprd.com/Spells.aspx?ID=220
Pocket Library,1,Withdraw books from a pocket library for study.,,,,✓,"Arcane, Occult",https://2e.aonprd.com/Spells.aspx?ID=970
Protection,1,Shield a creature against those of a chosen alignment.,Uncommon,,,,"Divine, Occult",https://2e.aonprd.com/Spells.aspx?ID=238
Quick Sort,1,Automatically sort many objects.,,,,✓,"Arcane, Divine, Occult, Primal",https://2e.aonprd.com/Spells.aspx?ID=978
Ray of Enfeeblement,1,Sap a creature's strength.,,,,,"Arcane, Divine, Occult",https://2e.aonprd.com/Spells.aspx?ID=244
Restyle,1,Make permanent style changes to clothing.,,,,,"Arcane, Divine, Occult, Primal",https://2e.aonprd.com/Spells.aspx?ID=984
Sanctuary,1,Protect a creature from being attacked.,,,,,"Divine, Occult",https://2e.aonprd.com/Spells.aspx?ID=266
Schadenfreude,1,React to your critical failure to distract foes with their exultation.,,,,,"Arcane, Divine, Occult",https://2e.aonprd.com/Spells.aspx?ID=991
Seashell of Stolen Sound,1,Copy a sound in a magical seashell.,,,,,"Arcane, Occult, Primal",https://2e.aonprd.com/Spells.aspx?ID=993
Share Lore,1,You share your knowledge with the touched creatures.,,,,✓,"Arcane, Occult",https://2e.aonprd.com/Spells.aspx?ID=584
Sleep,1,Cause creatures in a small area to fall asleep.,,,,✓,"Arcane, Occult",https://2e.aonprd.com/Spells.aspx?ID=288
Soothe,1,Heal the target and bolster them against mental attacks.,,,,✓,Occult,https://2e.aonprd.com/Spells.aspx?ID=291
Spirit Link,1,Continually transfer your health to someone else.,,,,✓,"Divine, Occult",https://2e.aonprd.com/Spells.aspx?ID=302
Summon Fey,1,Conjure a fey to fight on your behalf.,,,,✓,"Occult, Primal",https://2e.aonprd.com/Spells.aspx?ID=322
Synchronize,1,Place sigils on your targets that flash at a prespecified time.,,,,✓,"Arcane, Divine, Occult, Primal",https://2e.aonprd.com/Spells.aspx?ID=1013
Thicket of Knives,1,Illusory copies of your weapon arm improve your ability to feint.,,,,,"Arcane, Occult",https://2e.aonprd.com/Spells.aspx?ID=1017
Thoughtful Gift,1,Teleport an item to an ally's grasp.,,,,✓,"Arcane, Divine, Occult",https://2e.aonprd.com/Spells.aspx?ID=722
True Strike,1,Make your next attack especially accurate.,,,,,"Arcane, Occult",https://2e.aonprd.com/Spells.aspx?ID=345
Unseen Servant,1,Create an invisible creature to help you.,,,,,"Arcane, Occult",https://2e.aonprd.com/Spells.aspx?ID=352
Ventriloquism,1,Throw your voice.,,,,✓,"Arcane, Divine, Occult, Primal",https://2e.aonprd.com/Spells.aspx?ID=356
Animated Assault,2,Temporarily animate small objects to attack creatures in an area.,,,,✓,"Arcane, Occult",https://2e.aonprd.com/Spells.aspx?ID=668
Animus Mine,2,You implant a mental mine within your psyche that detonates against anyone attempting to manipulate your thoughts.,,,,✓,Occult,https://2e.aonprd.com/Spells.aspx?ID=567
Augury,2,Predict whether a course of action brings good fortune.,,,,,"Divine, Occult",https://2e.aonprd.com/Spells.aspx?ID=15
Befitting Attire,2,Make clothes fit the occasion.,,,,✓,"Arcane, Occult",https://2e.aonprd.com/Spells.aspx?ID=867
Blistering Invective,2,Light a creature on fire with the sheer viciousness of your words.,,,,✓,Occult,https://2e.aonprd.com/Spells.aspx?ID=674
Blood Vendetta,2,Cause a creature that attacks you to start bleeding.,,,,✓,"Arcane, Divine, Occult",https://2e.aonprd.com/Spells.aspx?ID=675
Blur,2,Cause a target's form to become blurry and hard to hit.,,,,,"Arcane, Occult",https://2e.aonprd.com/Spells.aspx?ID=28
Calm Emotions,2,Suppress strong emotions and hostility.,,,,,"Divine, Occult",https://2e.aonprd.com/Spells.aspx?ID=31
Charitable Urge,2,Make a creature give away an object in its possession.,,,,,"Arcane, Divine, Occult",https://2e.aonprd.com/Spells.aspx?ID=677
Comprehend Language,2,A creature understands one language.,,,,✓,"Arcane, Divine, Occult",https://2e.aonprd.com/Spells.aspx?ID=46
Continual Flame,2,A magical flame burns indefinitely.,,,,✓,"Arcane, Divine, Occult, Primal",https://2e.aonprd.com/Spells.aspx?ID=50
Darkness,2,Suppress all light in an area.,,,,✓,"Arcane, Divine, Occult, Primal",https://2e.aonprd.com/Spells.aspx?ID=59
Darkvision,2,See in the dark.,,,,✓,"Arcane, Divine, Occult, Primal",https://2e.aonprd.com/Spells.aspx?ID=60
Deafness,2,Make a creature deaf.,,,,,"Arcane, Divine, Occult, Primal",https://2e.aonprd.com/Spells.aspx?ID=62
Death Knell,2,Finish off a creature who's near death.,,,,,"Divine, Occult",https://2e.aonprd.com/Spells.aspx?ID=63
Dispel Magic,2,End a spell or suppress an item's magic.,,,,,"Arcane, Divine, Occult, Primal",https://2e.aonprd.com/Spells.aspx?ID=78
Faerie Fire,2,Colorful light prevents creatures from being concealed or invisible.,,,,,"Divine, Occult, Primal",https://2e.aonprd.com/Spells.aspx?ID=107
False Life,2,Gain temporary HP.,,,,✓,"Arcane, Occult",https://2e.aonprd.com/Spells.aspx?ID=108
Fear the Sun,2,You cause the creature's vision to become particularly sensitive.,Uncommon,,,✓,"Arcane, Divine, Occult, Primal",https://2e.aonprd.com/Spells.aspx?ID=1080
Feast of Ashes,2,You curse the target with a hunger no food can sate.,,,,✓,"Arcane, Occult, Primal",https://2e.aonprd.com/Spells.aspx?ID=575
Final Sacrifice,2,Channel energy to blow up your minion.,,,,✓,"Arcane, Divine, Occult, Primal",https://2e.aonprd.com/Spells.aspx?ID=689
Gentle Repose,2,A corpse doesn't decay and can't become undead.,,,,✓,"Arcane, Divine, Occult, Primal",https://2e.aonprd.com/Spells.aspx?ID=131
Ghoulish Cravings,2,Infect a creature with ghoul fever.,,,,,"Divine, Occult",https://2e.aonprd.com/Spells.aspx?ID=134
Grave Impressions,2,You project a fragment of your senses into the corpse.,Uncommon,,,✓,"Divine, Occult",https://2e.aonprd.com/Spells.aspx?ID=858
Hideous Laughter,2,Fits of laughter make a creature unable to take all its actions.,,,,,"Arcane, Occult",https://2e.aonprd.com/Spells.aspx?ID=150
Humanoid Form,2,Take the shape of a humanoid.,,,,✓,"Arcane, Occult, Primal",https://2e.aonprd.com/Spells.aspx?ID=153
Illusory Creature,2,Form a convincing illusion of a creature.,,,,✓,"Arcane, Occult",https://2e.aonprd.com/Spells.aspx?ID=158
Imp Sting,2,"You reproduce an imp's evil, poisonous sting, stabbing at an enemy and possibly affecting them with the devil's benumbing venom.",Uncommon,,,,"Divine, Occult",https://2e.aonprd.com/Spells.aspx?ID=826
Inner Radiance Torrent,2,Gather spiritual energy to fire a storm of force bolts and beams.,,,,✓,"Divine, Occult",https://2e.aonprd.com/Spells.aspx?ID=934
Instant Armor,2,Set a contingency to return your armor to you.,,,,,"Arcane, Divine, Occult, Primal",https://2e.aonprd.com/Spells.aspx?ID=935
Invisibility,2,A creature can’t be seen until it attacks.,,,,✓,"Arcane, Occult",https://2e.aonprd.com/Spells.aspx?ID=164
Knock,2,"Make a door, lock, or container easier to open, and possibly open it immediately.",,,,,"Arcane, Occult",https://2e.aonprd.com/Spells.aspx?ID=168
Lucky Number,2,"Set a contingency to reroll a specific, randomly chosen d20 result.",,,,,"Arcane, Divine, Occult",https://2e.aonprd.com/Spells.aspx?ID=941
Magic Mouth,2,Make an illusory mouth appear to speak a message.,,,,,"Arcane, Occult",https://2e.aonprd.com/Spells.aspx?ID=181
Mimic Undead,2,Pretend to be undead.,,,,,"Divine, Occult",https://2e.aonprd.com/Spells.aspx?ID=948
Mind Games,2,"You lock minds with the target, trying to mentally subdue them.",Uncommon,,,,"Arcane, Occult",https://2e.aonprd.com/Spells.aspx?ID=859
Mirror Image,2,Illusory duplicates of you cause attacks to miss.,,,,,"Arcane, Occult",https://2e.aonprd.com/Spells.aspx?ID=197
Misdirection,2,Cause one creature’s auras to appear to be another’s.,,,,,"Arcane, Occult",https://2e.aonprd.com/Spells.aspx?ID=198
Paranoia,2,Make a creature believe everyone is a threat.,,,,✓,Occult,https://2e.aonprd.com/Spells.aspx?ID=214
Penumbral Disguise,2,"You wrap the target in shadows, granting them a +1 status bonus to <u><a href=""Skills.aspx?ID=15"">Stealth</a></u> checks to <u><a href=""Actions.aspx?ID=62"">Hide</a></u> while in dim light or darkness.",Uncommon,,,✓,"Arcane, Occult",https://2e.aonprd.com/Spells.aspx?ID=1083
Persistent Servant,2,Summon a long-term unseen servant for a single task.,,,,,"Arcane, Occult",https://2e.aonprd.com/Spells.aspx?ID=966
Phantasmal Treasure,2,Tempt a creature with an illusory reward.,,,,,"Arcane, Occult",https://2e.aonprd.com/Spells.aspx?ID=707
Phantom Crowd,2,Create an illusory crowd that loudly agrees with you.,,,,✓,"Arcane, Occult",https://2e.aonprd.com/Spells.aspx?ID=968
Phantom Steed,2,Conjure a magical horse.,,,,✓,"Arcane, Occult, Primal",https://2e.aonprd.com/Spells.aspx?ID=221
Radiant Field,2,You create an area of bright light.,Uncommon,,,✓,"Arcane, Divine, Occult, Primal",https://2e.aonprd.com/Spells.aspx?ID=1084
Reaper's Lantern,2,A ghostly lantern diminishes healing for the living and weakens undead.,,,,,"Divine, Occult, Primal",https://2e.aonprd.com/Spells.aspx?ID=710
Remove Fear,2,Free a creature from its fright.,,,,✓,"Divine, Occult, Primal",https://2e.aonprd.com/Spells.aspx?ID=252
Remove Paralysis,2,Free a creature from paralysis.,,,,✓,"Divine, Occult, Primal",https://2e.aonprd.com/Spells.aspx?ID=253
Resist Energy,2,Protect a creature from one type of energy damage.,,,,✓,"Arcane, Divine, Occult, Primal",https://2e.aonprd.com/Spells.aspx?ID=256
Restoration,2,Reduce a condition or lessen a toxin.,,,,✓,"Divine, Occult, Primal",https://2e.aonprd.com/Spells.aspx?ID=258
Restore Senses,2,Remove a blinding or deafening effect.,,,,✓,"Divine, Occult, Primal",https://2e.aonprd.com/Spells.aspx?ID=259
See Invisibility,2,See invisible creatures and objects.,,,,✓,"Arcane, Divine, Occult",https://2e.aonprd.com/Spells.aspx?ID=271
Shatter,2,Shatter an object with a high-frequency sonic attack.,,,,✓,"Occult, Primal",https://2e.aonprd.com/Spells.aspx?ID=279
Silence,2,Mute all sound from a creature.,,,,✓,"Divine, Occult",https://2e.aonprd.com/Spells.aspx?ID=287
Sonata Span,2,Manifest a path with a tune.,,,,,Occult,https://2e.aonprd.com/Spells.aspx?ID=998
Sound Burst,2,Damage and deafen creatures with a powerful din.,,,,✓,"Divine, Occult",https://2e.aonprd.com/Spells.aspx?ID=292
Spectral Hand,2,Create a semicorporeal hand that touches creatures to target them with your spells.,,,,,"Arcane, Occult",https://2e.aonprd.com/Spells.aspx?ID=295
Spirit Sense,2,Find spirits and haunts.,,,,✓,"Divine, Occult",https://2e.aonprd.com/Spells.aspx?ID=718
Spiritual Weapon,2,Materialize a deific weapon of force that appears and attacks repeatedly.,,,,✓,"Divine, Occult",https://2e.aonprd.com/Spells.aspx?ID=306
Status,2,Keep track of a willing creature's location and well-being.,,,,✓,"Divine, Occult, Primal",https://2e.aonprd.com/Spells.aspx?ID=308
Summoner's Precaution,2,Set a contingency to avoid being knocked out alongside your eidolon.,,,,,"Arcane, Divine, Occult, Primal",https://2e.aonprd.com/Spells.aspx?ID=1011
Summoner's Visage,2,Change your eidolon to cosmetically appear to be your identical twin.,,,,✓,"Arcane, Divine, Occult, Primal",https://2e.aonprd.com/Spells.aspx?ID=1012
Telekinetic Maneuver,2,"Disarm, Shove, or Trip a creature telekinetically.",,,,,"Arcane, Occult",https://2e.aonprd.com/Spells.aspx?ID=333
Thundering Dominance,2,Make your companion or eidolon intimidating and let it emit a sonic roar.,,,,✓,"Occult, Primal",https://2e.aonprd.com/Spells.aspx?ID=1018
Timely Tutor,2,Connect your eidolon or familiar to the Akashic Record to briefly grant it knowledge.,,,,,"Arcane, Occult",https://2e.aonprd.com/Spells.aspx?ID=1020
Touch of Idiocy,2,Dull a target's mind with a touch.,,,,,"Arcane, Occult",https://2e.aonprd.com/Spells.aspx?ID=341
Umbral Extraction,2,Attempt to steal a spell slot.,,,,,"Arcane, Occult",https://2e.aonprd.com/Spells.aspx?ID=1022
Undetectable Alignment,2,Make a creature or object appear neutral to alignment detection.,Uncommon,,,,"Divine, Occult",https://2e.aonprd.com/Spells.aspx?ID=348
Vomit Swarm,2,"Vermin erupt in a cone from your mouth, biting and stinging creatures.",,,,✓,"Arcane, Occult, Primal",https://2e.aonprd.com/Spells.aspx?ID=726
Warrior's Regret,2,Regrets overcome a foe when they harm others.,,,,✓,"Arcane, Divine, Occult",https://2e.aonprd.com/Spells.aspx?ID=1030
Worm's Repast,2,Gnawing worms materialize within the flesh of the target creature.,Rare,,,✓,"Occult, Primal",https://2e.aonprd.com/Spells.aspx?ID=839
Agonizing Despair,3,Mentally damage and frighten a creature.,,,,✓,"Arcane, Divine, Occult",https://2e.aonprd.com/Spells.aspx?ID=665
Bind Undead,3,Take control of a mindless undead.,,,,,"Arcane, Divine, Occult",https://2e.aonprd.com/Spells.aspx?ID=22
Blindness,3,Strike a target blind.,,,,,"Arcane, Divine, Occult, Primal",https://2e.aonprd.com/Spells.aspx?ID=26
Bottomless Stomach,3,Store things in a creature's stomach.,,,,✓,"Arcane, Occult, Primal",https://2e.aonprd.com/Spells.aspx?ID=875
Circle of Protection,3,A creature emits an aura that protects those within against an alignment.,Uncommon,,,✓,"Divine, Occult",https://2e.aonprd.com/Spells.aspx?ID=38
Claim Curse,3,Draw a creature's curse into you temporarily.,,,,,"Divine, Occult",https://2e.aonprd.com/Spells.aspx?ID=884
Clairaudience,3,Hear through an invisible magical sensor.,,,,,"Arcane, Occult",https://2e.aonprd.com/Spells.aspx?ID=39
Cozy Cabin,3,Conjure a temporary cabin sheltered from the elements.,,,,,"Arcane, Occult",https://2e.aonprd.com/Spells.aspx?ID=681
Cup of Dust,3,You curse the target with a thirst no drink can quench.,,,,✓,"Arcane, Occult, Primal",https://2e.aonprd.com/Spells.aspx?ID=572
Curse of Lost Time,3,Artificially erode or age a target.,,,,✓,"Arcane, Occult, Primal",https://2e.aonprd.com/Spells.aspx?ID=683
Day's Weight,3,Use time magic to fatigue a creature.,,,,✓,"Arcane, Occult, Primal",https://2e.aonprd.com/Spells.aspx?ID=891
Distracting Chatter,3,Distract a creature with auditory illusions.,,,,✓,"Arcane, Occult",https://2e.aonprd.com/Spells.aspx?ID=895
Dream Message,3,Send a message that arrives in a dream.,,,,✓,"Arcane, Divine, Occult",https://2e.aonprd.com/Spells.aspx?ID=90
Enthrall,3,Your speech makes creatures fascinated with you.,,,,,"Arcane, Occult",https://2e.aonprd.com/Spells.aspx?ID=104
Familiar's Face,3,Implant your senses in your animal companion or familiar.,,,,,"Arcane, Divine, Occult, Primal",https://2e.aonprd.com/Spells.aspx?ID=688
Ghostly Weapon,3,Make a weapon affect incorporeal creatures.,,,,,"Arcane, Occult",https://2e.aonprd.com/Spells.aspx?ID=133
Glyph of Warding,3,Store a spell in a symbol to make a trap.,,,,,"Arcane, Divine, Occult, Primal",https://2e.aonprd.com/Spells.aspx?ID=138
Gravity Well,3,Pull all creatures towards the center of a sphere of altered gravity.,,,,,"Arcane, Occult",https://2e.aonprd.com/Spells.aspx?ID=577
Haste,3,Speed up a creature so it can attack or move more often.,,,,✓,"Arcane, Occult, Primal",https://2e.aonprd.com/Spells.aspx?ID=147
Heroism,3,Stoke a creature's inner heroism to make it more competent.,,,,✓,"Divine, Occult",https://2e.aonprd.com/Spells.aspx?ID=149
Hypercognition,3,Recall massive amounts of information in an instant.,,,,,Occult,https://2e.aonprd.com/Spells.aspx?ID=156
Hypnotic Pattern,3,Shifting colors dazzle and fascinate creatures.,,,,,"Arcane, Occult",https://2e.aonprd.com/Spells.aspx?ID=157
Impending Doom,3,Make a foe witness its potential death and become distressed.,,,,✓,"Arcane, Divine, Occult",https://2e.aonprd.com/Spells.aspx?ID=929
Invisibility Sphere,3,You and creatures near you become invisible as you explore.,,,,✓,"Arcane, Occult",https://2e.aonprd.com/Spells.aspx?ID=165
Levitate,3,Float an object or creature a few feet of the ground.,,,,,"Arcane, Occult",https://2e.aonprd.com/Spells.aspx?ID=170
Locate,3,Learn the direction to an object.,Uncommon,,,✓,"Arcane, Divine, Occult",https://2e.aonprd.com/Spells.aspx?ID=173
Magical Fetters,3,"Ghostly manacles launch from your outstretched hand and clasp around the target's limbs, impeding its movements.",Uncommon,,,,"Arcane, Occult",https://2e.aonprd.com/Spells.aspx?ID=821
Mind of Menace,3,Set a contingency to punish a foe's mental effect and protect yourself from it.,,,,,"Arcane, Divine, Occult, Primal",https://2e.aonprd.com/Spells.aspx?ID=949
Mind Reading,3,Read a creature's surface thoughts.,Uncommon,,,,"Arcane, Occult",https://2e.aonprd.com/Spells.aspx?ID=194
Nondetection,3,Protect a creature or object from detection.,Uncommon,,,,"Arcane, Occult, Primal",https://2e.aonprd.com/Spells.aspx?ID=209
Oneiric Mire,3,Create illusory quicksand that tricks creatures into thinking they're stuck.,,,,,"Arcane, Occult, Primal",https://2e.aonprd.com/Spells.aspx?ID=961
Ooze Form,3,Turn into an ooze battle form.,,,,✓,"Arcane, Occult",https://2e.aonprd.com/Spells.aspx?ID=962
Organsight,3,"See a foe's organs, and use your knowledge to deal precision damage.",,,,✓,"Arcane, Divine, Occult, Primal",https://2e.aonprd.com/Spells.aspx?ID=963
Paralyze,3,Freeze a creature in place.,,,,✓,"Arcane, Occult",https://2e.aonprd.com/Spells.aspx?ID=213
Perseis's Precautions,3,"Leaving nothing to chance, you weave divinatory precautions against an ambush, alerting the target to danger.",Uncommon,,,,"Arcane, Occult",https://2e.aonprd.com/Spells.aspx?ID=834
Phantom Prison,3,Trap a creature in illusory walls until it disbelieves.,,,,✓,"Arcane, Occult",https://2e.aonprd.com/Spells.aspx?ID=969
Pyrotechnics,3,You turn a fire into either a burst of blinding fireworks or a thick cloud of choking smoke,Uncommon,,,,"Arcane, Occult",https://2e.aonprd.com/Spells.aspx?ID=645
Roaring Applause,3,Force the target to cheer and applaud you.,,,,✓,"Arcane, Divine, Occult",https://2e.aonprd.com/Spells.aspx?ID=987
Rouse Skeletons,3,Rouse a squadron of skeletons to claw your foes.,,,,✓,"Arcane, Divine, Occult",https://2e.aonprd.com/Spells.aspx?ID=988
Sculpt Sound,3,Quiet or alter the sound from a creature or object.,,,,✓,Occult,https://2e.aonprd.com/Spells.aspx?ID=714
Secret Page,3,Alter the appearance of a page.,,,,,"Arcane, Occult",https://2e.aonprd.com/Spells.aspx?ID=270
Shadow Projectile,3,"React when an ally makes a ranged attack to create a shadow double of the attack, distracting and damaging the foe.",,,,✓,"Arcane, Occult",https://2e.aonprd.com/Spells.aspx?ID=995
Shift Blame,3,Trick someone into thinking someone else is to blame for your attack or blunder.,,,,,"Arcane, Occult",https://2e.aonprd.com/Spells.aspx?ID=997
Slow,3,"Make a creature slower, reducing its actions.",,,,✓,"Arcane, Occult, Primal",https://2e.aonprd.com/Spells.aspx?ID=289
Sudden Recollection,3,Plant information in a creature's subconscious to be revealed on a trigger you choose.,Uncommon,,,,Occult,https://2e.aonprd.com/Spells.aspx?ID=1003
Threefold Aspect,3,Switch between versions of yourself at different ages.,,,,,"Occult, Primal",https://2e.aonprd.com/Spells.aspx?ID=723
Time Jump,3,"Leap forward in time, moving swiftly.",,,,,"Arcane, Occult",https://2e.aonprd.com/Spells.aspx?ID=1019
Vampiric Touch,3,Deal negative damage and gain temporary HP with a touch.,,,,✓,"Arcane, Divine, Occult",https://2e.aonprd.com/Spells.aspx?ID=354
Wall of Shadow,3,You form a wall of pure darkness in a straight line up to 60 feet long and 10 feet high.,Uncommon,,,✓,"Arcane, Occult",https://2e.aonprd.com/Spells.aspx?ID=1086
Wanderer's Guide,3,Find an ideal route to a location.,,,,,"Divine, Occult",https://2e.aonprd.com/Spells.aspx?ID=368
Web of Eyes,3,"Put scrying sensors on creatures, allowing them to share their vision with others.",,,,,"Arcane, Divine, Occult, Primal",https://2e.aonprd.com/Spells.aspx?ID=1032
Whirling Scarves,3,You surround yourself in a vortex of whirling colorful scarves of force that obfuscate you and disorient your foes.,,,,✓,"Divine, Occult",https://2e.aonprd.com/Spells.aspx?ID=593
Zone of Truth,3,Designate an area where creatures are compelled to be truthful.,Uncommon,,,,"Divine, Occult",https://2e.aonprd.com/Spells.aspx?ID=379
Aromatic Lure,4,"You override a target's olfactory senses, luring them to a specific location through tantalizing false scents.",Rare,,,✓,"Arcane, Occult",https://2e.aonprd.com/Spells.aspx?ID=812
Bestial Curse,4,Make a humanoid take on features of a beast.,,,,,"Arcane, Occult, Primal",https://2e.aonprd.com/Spells.aspx?ID=670
Blink,4,"Flit between the planes, vanishing and reappearing.",,,,✓,"Arcane, Occult",https://2e.aonprd.com/Spells.aspx?ID=27
Bloodspray Curse,4,Curse a foe with deeper wounds and bleeding.,,,,✓,"Divine, Occult, Primal",https://2e.aonprd.com/Spells.aspx?ID=873
Call the Blood,4,"With a word and gesture, you cause streams of blood to erupt from the target's mouth, nostrils, ears, or other facial openings and come rushing into your mouth.",Uncommon,,,✓,"Arcane, Occult, Primal",https://2e.aonprd.com/Spells.aspx?ID=845
Chroma Leach,4,Sap the color and vitality from a living creature.,,,,,Occult,https://2e.aonprd.com/Spells.aspx?ID=679
Chromatic Armor,4,"Glowing armor sheds light, dazzling foes and granting random resistances.",,,,✓,"Arcane, Occult",https://2e.aonprd.com/Spells.aspx?ID=881
Chromatic Ray,4,Ray of light causes effects based on its color.,,,,✓,"Arcane, Occult",https://2e.aonprd.com/Spells.aspx?ID=883
Clairvoyance,4,See through an invisible magical sensor.,,,,,"Arcane, Occult",https://2e.aonprd.com/Spells.aspx?ID=40
Clownish Curse,4,You afflict the target with a curse that causes it to emit ridiculous noises as it moves.,Uncommon,,,,"Arcane, Occult",https://2e.aonprd.com/Spells.aspx?ID=642
Compel True Name,4,"You instruct the target to do something, compelling obedience by calling it by its true name.",Rare,,,,"Arcane, Divine, Occult, Primal",https://2e.aonprd.com/Spells.aspx?ID=1064
Confusion,4,"Befuddle a creature, making it act randomly.",,,,✓,"Arcane, Occult",https://2e.aonprd.com/Spells.aspx?ID=48
Countless Eyes,4,Cause magical eyes to appear all over a creature's body.,,,,,"Arcane, Occult, Primal",https://2e.aonprd.com/Spells.aspx?ID=680
Daydreamer's Curse,4,You impose a curse upon the target that renders it easily distracted and unable to focus its thoughts on tasks that demand insight or discernment.,Uncommon,,,,"Arcane, Occult",https://2e.aonprd.com/Spells.aspx?ID=840
Detect Scrying,4,Find out if scrying effects are in the area.,Uncommon,,,✓,"Arcane, Occult",https://2e.aonprd.com/Spells.aspx?ID=68
Dimension Door,4,Teleport yourself up to 120 feet.,,,,✓,"Arcane, Occult",https://2e.aonprd.com/Spells.aspx?ID=69
Dimensional Anchor,4,Keep a creature from teleporting or traveling to other planes.,,,,,"Arcane, Divine, Occult",https://2e.aonprd.com/Spells.aspx?ID=70
Discern Lies,4,Expertly detect lies and falsehoods.,Uncommon,,,,"Arcane, Divine, Occult",https://2e.aonprd.com/Spells.aspx?ID=74
Dull Ambition,4,Curse a creature with an unfortunate lack of ambition.,,,,,"Arcane, Divine, Occult",https://2e.aonprd.com/Spells.aspx?ID=686
Enervation,4,Drain a creature's vigor.,,,,✓,"Arcane, Divine, Occult",https://2e.aonprd.com/Spells.aspx?ID=687
Favorable Review,4,You enchant a creature to ensure they have only good things to say about your show.,Uncommon,,,✓,"Arcane, Occult",https://2e.aonprd.com/Spells.aspx?ID=644
Fey Form,4,Turn into a fey battle form.,,,,,"Occult, Primal",https://2e.aonprd.com/Spells.aspx?ID=910
Fly,4,Cause the target creature to gain a fly Speed.,,,,✓,"Arcane, Occult, Primal",https://2e.aonprd.com/Spells.aspx?ID=125
Forgotten Lines,4,Restore destroyed or censored text.,Rare,,,✓,"Arcane, Divine, Occult",https://2e.aonprd.com/Spells.aspx?ID=550
Gaseous Form,4,Turn a willing creature into a flying cloud.,,,,,"Arcane, Occult, Primal",https://2e.aonprd.com/Spells.aspx?ID=129
Ghostly Tragedy,4,Have spirits reenact a violent event.,Uncommon,,,,"Divine, Occult",https://2e.aonprd.com/Spells.aspx?ID=692
Girzanje's March,4,"You sing a prayer for war, inspiring valor in allies who hear your song.",Uncommon,,,✓,"Divine, Occult",https://2e.aonprd.com/Spells.aspx?ID=1068
Glibness,4,Lie with impunity.,Uncommon,,,,Occult,https://2e.aonprd.com/Spells.aspx?ID=135
Globe of Invulnerability,4,Magical sphere counteracts spells that would enter it.,Uncommon,,,,"Arcane, Divine, Occult",https://2e.aonprd.com/Spells.aspx?ID=137
Hallucinatory Terrain,4,A natural environment appears to be another kind of terrain.,Uncommon,,,✓,"Arcane, Occult, Primal",https://2e.aonprd.com/Spells.aspx?ID=145
Infectious Melody,4,An infectious tune makes creatures sing along.,,,,,Occult,https://2e.aonprd.com/Spells.aspx?ID=933
Internal Insurrection,4,"You afflict the target with the supernatural disease known as internal insurrection, causing portions of their body to rebel against the whole, leading to painful agonies and, in time, death.",Rare,,,,"Divine, Occult",https://2e.aonprd.com/Spells.aspx?ID=853
Invisibility Curtain,4,Wall makes creatures on one side invisible to the other side.,,,,✓,"Arcane, Occult",https://2e.aonprd.com/Spells.aspx?ID=936
Magic Mailbox,4,Interdimensionally link two containers.,Uncommon,,,,"Arcane, Divine, Occult",https://2e.aonprd.com/Spells.aspx?ID=942
Mirror's Misfortune,4,Split into two copies. Destroying the fake curses the attacker.,,,,,"Arcane, Occult",https://2e.aonprd.com/Spells.aspx?ID=951
Modify Memory,4,Change or implant memories.,Uncommon,,,✓,Occult,https://2e.aonprd.com/Spells.aspx?ID=200
Necrotic Radiation,4,You imbue the touched object or space with slow-acting necrotic radiation.,Uncommon,,,✓,"Arcane, Divine, Occult",https://2e.aonprd.com/Spells.aspx?ID=650
Nightmare,4,Plague a creature's dreams with disturbing nightmares.,,,,,"Arcane, Occult",https://2e.aonprd.com/Spells.aspx?ID=208
Ocular Overload,4,Set a contingency to interfere with the vision of a creature attacking you.,,,,,"Arcane, Occult, Primal",https://2e.aonprd.com/Spells.aspx?ID=959
Outcast's Curse,4,Curse a creature to be off-putting and grating.,,,,,"Arcane, Divine, Occult",https://2e.aonprd.com/Spells.aspx?ID=211
Painful Vibrations,4,"Damage, deafen, and sicken a foe with sonic vibrations.",,,,✓,"Divine, Occult",https://2e.aonprd.com/Spells.aspx?ID=964
Pernicious Poltergeist,4,Call forth a poltergeist to make mischief.,,,,✓,"Divine, Occult",https://2e.aonprd.com/Spells.aspx?ID=965
Phantasmal Killer,4,Place a fearsome image in a creature's mind to scare and possibly kill it.,,,,✓,"Arcane, Occult",https://2e.aonprd.com/Spells.aspx?ID=219
Private Sanctum,4,"Black fog prevents sensing, scrying, and mind-reading on anyone within.",Uncommon,,,,"Arcane, Occult",https://2e.aonprd.com/Spells.aspx?ID=235
Ravenous Portal,4,Door turns into a mimic when others try to open it.,,,,,"Arcane, Occult",https://2e.aonprd.com/Spells.aspx?ID=980
Read Omens,4,Get a piece of advice about an upcoming event.,Uncommon,,,,"Divine, Occult",https://2e.aonprd.com/Spells.aspx?ID=247
Rebounding Barrier,4,"You swiftly raise a reflective barrier, reducing physical damage and rebounding it onto your attacker.",Rare,,,✓,"Arcane, Occult",https://2e.aonprd.com/Spells.aspx?ID=813
Remove Curse,4,Counteract a curse afflicting a creature.,,,,,"Divine, Occult",https://2e.aonprd.com/Spells.aspx?ID=250
Replicate,4,Create an illusory duplicate of a creature.,,,,✓,"Arcane, Occult",https://2e.aonprd.com/Spells.aspx?ID=983
Resilient Sphere,4,Create a sphere of force that blocks anything that would come through.,,,,,"Arcane, Occult",https://2e.aonprd.com/Spells.aspx?ID=255
Rope Trick,4,Animate a rope that rises to an extradimensional hiding place.,Uncommon,,,,"Arcane, Occult",https://2e.aonprd.com/Spells.aspx?ID=264
Sanguine Mist,4,Create a cloud of life-draining fog that siphons vitality into you.,,,,✓,"Arcane, Divine, Occult",https://2e.aonprd.com/Spells.aspx?ID=989
Savant's Curse,4,"You afflict the target with a curse that fills its mind with distracting and hyperspecialized minutiae, causing it to second-guess even simple facts.",Uncommon,,,,"Arcane, Occult",https://2e.aonprd.com/Spells.aspx?ID=841
Seal Fate,4,Curse a creature to be harmed by a certain type of damage.,,,,✓,"Arcane, Divine, Occult",https://2e.aonprd.com/Spells.aspx?ID=715
Spell Immunity,4,Name a spell to negate its effects on you.,,,,,"Arcane, Divine, Occult",https://2e.aonprd.com/Spells.aspx?ID=296
Spiritual Anamnesis,4,Overwhelm a target with memories of a past life.,Uncommon,,,,"Divine, Occult",https://2e.aonprd.com/Spells.aspx?ID=554
Spiritual Attunement,4,Attune to an aligned plane to protect yourself and harm creatures opposed to that plane.,Uncommon,,,✓,"Divine, Occult",https://2e.aonprd.com/Spells.aspx?ID=1001
Suggestion,4,Suggest a course of action a creature must follow.,,,,✓,"Arcane, Occult",https://2e.aonprd.com/Spells.aspx?ID=315
Talking Corpse,4,Have a corpse answer three questions.,Uncommon,,,,"Divine, Occult",https://2e.aonprd.com/Spells.aspx?ID=329
Telepathy,4,Communicate telepathically with any creatures near you.,,,,✓,"Arcane, Occult",https://2e.aonprd.com/Spells.aspx?ID=337
Tortoise and the Hare,4,Quicken an ally and slow a foe.,,,,,"Occult, Primal",https://2e.aonprd.com/Spells.aspx?ID=1021
Umbral Graft,4,Attempt to steal an active spell.,,,,,"Arcane, Occult",https://2e.aonprd.com/Spells.aspx?ID=1023
Vampiric Maiden,4,A ghostly iron maiden harms a creature and transfers its vitality to you.,,,,✓,"Arcane, Divine, Occult",https://2e.aonprd.com/Spells.aspx?ID=725
Variable Gravity,4,"Adjust gravity's grip between high, low, and normal gravity.",,,,✓,"Arcane, Occult",https://2e.aonprd.com/Spells.aspx?ID=1026
Veil,4,Disguise many creatures as other creatures.,,,,✓,"Arcane, Occult",https://2e.aonprd.com/Spells.aspx?ID=355
Winning Streak,4,Quicken a target and make its critical hits spread the quickness.,,,,,"Arcane, Occult",https://2e.aonprd.com/Spells.aspx?ID=1034
Aberrant Form,5,Transform into an aberration battle form.,,,,✓,Occult,https://2e.aonprd.com/Spells.aspx?ID=861
Abyssal Plague,5,Inflict a draining curse.,,,,,"Divine, Occult",https://2e.aonprd.com/Spells.aspx?ID=1
Bandit's Doom,5,Set up a ward to protect an item.,,,,✓,"Arcane, Divine, Occult",https://2e.aonprd.com/Spells.aspx?ID=866
Banishment,5,Send a creature back to its home plane.,,,,✓,"Arcane, Divine, Occult, Primal",https://2e.aonprd.com/Spells.aspx?ID=19
Black Tentacles,5,Tentacles in an area grab creatures.,,,,,"Arcane, Occult",https://2e.aonprd.com/Spells.aspx?ID=23
Blink Charge,5,Teleport and attack with magical force.,,,,✓,"Arcane, Divine, Occult",https://2e.aonprd.com/Spells.aspx?ID=872
Blister,5,Grow large blisters on a creature and pop them to spray acid.,,,,✓,"Arcane, Occult, Primal",https://2e.aonprd.com/Spells.aspx?ID=673
Blood Feast,5,"Your head splits vertically into an enormous maw, which feasts upon the target's blood.",Uncommon,,,✓,"Arcane, Divine, Occult",https://2e.aonprd.com/Spells.aspx?ID=648
Chromatic Wall,5,A wall of light offers a unique protection based on its color.,,,,✓,"Arcane, Occult",https://2e.aonprd.com/Spells.aspx?ID=37
Cloak of Colors,5,"Bright colors dazzle creatures near the target, and attacks cause blinding flashes of light.",,,,,"Arcane, Occult",https://2e.aonprd.com/Spells.aspx?ID=41
Crushing Despair,5,Make a creature sob uncontrollably.,,,,✓,"Arcane, Occult",https://2e.aonprd.com/Spells.aspx?ID=57
Death Ward,5,Protect a creature against negative energy.,,,,,"Divine, Occult, Primal",https://2e.aonprd.com/Spells.aspx?ID=64
Dreaming Potential,5,The target retrains in its dreams.,,,,,Occult,https://2e.aonprd.com/Spells.aspx?ID=91
Ectoplasmic Expulsion,5,You call upon tendrils of ephemeral ectoplasm to pass through the target and carry away a harmful psychic affliction.,Uncommon,,,,Occult,https://2e.aonprd.com/Spells.aspx?ID=846
False Vision,5,Trick a scrying spell.,Uncommon,,,,"Arcane, Occult",https://2e.aonprd.com/Spells.aspx?ID=109
Forceful Hand,5,Create a hand of force that can interpose to defend you or attack if heightened.,,,,✓,"Arcane, Occult",https://2e.aonprd.com/Spells.aspx?ID=915
Glimmer of Charm,5,Briefly improve the attitude of nearby creatures with a charming aura.,,,,,"Arcane, Occult, Primal",https://2e.aonprd.com/Spells.aspx?ID=919
Hallucination,5,"A creature believes one thing is another, can’t detect something, or sees something that’s not really there.",,,,✓,"Arcane, Occult",https://2e.aonprd.com/Spells.aspx?ID=144
Illusory Scene,5,Create an imaginary scene containing multiple creatures and objects.,,,,✓,"Arcane, Occult",https://2e.aonprd.com/Spells.aspx?ID=161
Inevitable Disaster,5,Twist fate to damage a foe in the near future.,,,,✓,"Divine, Occult",https://2e.aonprd.com/Spells.aspx?ID=930
Invoke Spirits,5,Call a group of ghostly apparitions to attack your foes.,,,,✓,"Arcane, Divine, Occult",https://2e.aonprd.com/Spells.aspx?ID=937
Mariner's Curse,5,Infect a creature with the curse of the rolling sea.,,,,,"Arcane, Occult, Primal",https://2e.aonprd.com/Spells.aspx?ID=184
Mind Probe,5,Uncover knowledge and memories in a creature's mind.,Uncommon,,,,"Arcane, Occult",https://2e.aonprd.com/Spells.aspx?ID=193
Mirecloak,5,"You wrap the targeted creatures in thin, sickly green shrouds that sap information from attackers.",Uncommon,,,,"Divine, Occult",https://2e.aonprd.com/Spells.aspx?ID=1078
Mirror Malefactors,5,"Mirrors surround a target, and the reflections attack them repeatedly.",,,,✓,"Arcane, Divine, Occult",https://2e.aonprd.com/Spells.aspx?ID=950
Portrait of the Artist,5,Appear to have the features and skills of a famous artist.,,,,,Occult,https://2e.aonprd.com/Spells.aspx?ID=971
Prying Eye,5,An invisible eye transmits what it sees to you.,,,,,"Arcane, Divine, Occult",https://2e.aonprd.com/Spells.aspx?ID=239
Ravening Maw,5,"You evoke <u><a href=""Deities.aspx?ID=82"">Zevgavizeb’s</a></u> unceasing hunger and inflict it upon your target.",Uncommon,,,✓,"Divine, Occult, Primal",https://2e.aonprd.com/Spells.aspx?ID=647
Repelling Pulse,5,Telekinetically knock creatures back and damage them with force.,,,,✓,"Divine, Occult",https://2e.aonprd.com/Spells.aspx?ID=982
Return Beacon,5,You create a unique planar beacon somewhere within the spell's range that remains in place.,Uncommon,,,✓,"Arcane, Occult",https://2e.aonprd.com/Spells.aspx?ID=848
Rewinding Step,5,Anchor your location in time so you can quickly return.,,,,✓,"Arcane, Divine, Occult",https://2e.aonprd.com/Spells.aspx?ID=985
Rip the Spirit,5,Tear at a living creature's spirit with negative energy to damage and drain it.,,,,✓,"Divine, Occult",https://2e.aonprd.com/Spells.aspx?ID=986
Secret Chest,5,Hide a container on the Ethereal Plane.,,,,,"Arcane, Occult",https://2e.aonprd.com/Spells.aspx?ID=716
Sending,5,Send a mental message to a creature anywhere on the planet and get a reply.,,,,,"Arcane, Divine, Occult",https://2e.aonprd.com/Spells.aspx?ID=272
Shadow Blast,5,Shape a cone of shadow to deal damage of a type you choose.,,,,✓,"Divine, Occult",https://2e.aonprd.com/Spells.aspx?ID=273
Shadow Siphon,5,React to lessen the damage from an enemy's spell by making it partially illusion.,,,,,"Arcane, Occult",https://2e.aonprd.com/Spells.aspx?ID=274
Shadow Walk,5,Travel rapidly via the Shadow Plane.,Uncommon,,,,"Arcane, Occult",https://2e.aonprd.com/Spells.aspx?ID=275
Strange Geometry,5,"Confoundingly warp spatial geometry, making passage difficult and destinations unpredictable.",,,,,Occult,https://2e.aonprd.com/Spells.aspx?ID=719
Subconscious Suggestion,5,Plant a mental suggestion that must be followed when a trigger occurs.,,,,✓,"Arcane, Occult",https://2e.aonprd.com/Spells.aspx?ID=314
Summon Entity,5,Conjure an aberration to fight on your behalf.,,,,✓,Occult,https://2e.aonprd.com/Spells.aspx?ID=321
Synaptic Pulse,5,Slow creatures with a mental blast.,,,,,Occult,https://2e.aonprd.com/Spells.aspx?ID=327
Synesthesia,5,Rewire a creature's senses.,,,,✓,Occult,https://2e.aonprd.com/Spells.aspx?ID=328
Telekinetic Haul,5,Move a large object.,,,,,"Arcane, Occult",https://2e.aonprd.com/Spells.aspx?ID=332
Telepathic Bond,5,Link minds with willing creatures to communicate telepathically at great distances.,Uncommon,,,,"Arcane, Occult",https://2e.aonprd.com/Spells.aspx?ID=335
Temporary Glyph,5,Quickly scribe a short-lived glyph to blast foes.,,,,,"Arcane, Divine, Occult, Primal",https://2e.aonprd.com/Spells.aspx?ID=1016
Tongues,5,Let a creature understand and speak all languages.,Uncommon,,,✓,"Arcane, Divine, Occult",https://2e.aonprd.com/Spells.aspx?ID=340
Wall of Flesh,5,Spawn a wall of living flesh.,,,,,"Divine, Occult, Primal",https://2e.aonprd.com/Spells.aspx?ID=727
Aura of the Unremarkable,6,"You and allies in the area appear to be completely innocuous to other creatures within the spell's area, regardless of the actions you're committing.",Uncommon,,,,"Arcane, Occult",https://2e.aonprd.com/Spells.aspx?ID=847
Blanket of Stars,6,A cloak of darkness hides you in the dark and dazzles those who get too close.,,,,,"Occult, Primal",https://2e.aonprd.com/Spells.aspx?ID=671
Blinding Fury,6,"Curse a creature that attacks you, making its victims become invisible to it.",,,,,"Divine, Occult, Primal",https://2e.aonprd.com/Spells.aspx?ID=672
Cast into Time,6,"Make a creature fall through time, damaging and sickening it.",,,,✓,"Arcane, Occult",https://2e.aonprd.com/Spells.aspx?ID=880
Catch Your Name,6,"You learn a private name (but not the true name) of the creature who spoke your name, as well as their precise location, unless they succeed at a Will save to negate the effect.",Rare,,,,"Arcane, Divine, Occult, Primal",https://2e.aonprd.com/Spells.aspx?ID=1063
Chromatic Image,6,Colorful mirror images damage foes who destroy them.,,,,,"Arcane, Occult",https://2e.aonprd.com/Spells.aspx?ID=882
Collective Transposition,6,Teleport up to two creatures to new positions near you.,,,,✓,"Arcane, Occult",https://2e.aonprd.com/Spells.aspx?ID=43
Dominate,6,A creature must obey your orders.,Uncommon,,,✓,"Arcane, Occult",https://2e.aonprd.com/Spells.aspx?ID=87
Feeblemind,6,Stupefy a creature permanently.,,,,,"Arcane, Occult",https://2e.aonprd.com/Spells.aspx?ID=112
Mislead,6,Turn invisible and create a duplicate of yourself who acts like you.,,,,,"Arcane, Occult",https://2e.aonprd.com/Spells.aspx?ID=199
Phantasmal Calamity,6,Damage a creature mentally with visions of an apocalypse.,,,,✓,"Arcane, Occult",https://2e.aonprd.com/Spells.aspx?ID=218
Repulsion,6,Prevent creatures from approaching you.,,,,,"Arcane, Divine, Occult",https://2e.aonprd.com/Spells.aspx?ID=254
Scintillating Safeguard,6,Reactively protect multiple creatures from harm with a magic barrier.,,,,✓,"Divine, Occult, Primal",https://2e.aonprd.com/Spells.aspx?ID=713
Scrying,6,Spy on a creature.,Uncommon,,,,"Arcane, Occult",https://2e.aonprd.com/Spells.aspx?ID=268
Spellwrack,6,Curse a creature to be harmed when a spell is cast on it and lower the duration of its spells.,,,,,"Arcane, Divine, Occult",https://2e.aonprd.com/Spells.aspx?ID=298
Spirit Blast,6,Damage a creature's spiritual essence.,,,,✓,"Divine, Occult",https://2e.aonprd.com/Spells.aspx?ID=301
Teleport,6,Transport you and willing creatures a great distance.,Uncommon,,,✓,"Arcane, Occult",https://2e.aonprd.com/Spells.aspx?ID=338
Temporal Ward,6,You ward a target doorway or container with a temporal trap that rewinds the personal timeline of creatures trying to open it.,Rare,,,✓,"Arcane, Divine, Occult",https://2e.aonprd.com/Spells.aspx?ID=1088
True Seeing,6,See through illusions and transmutations.,,,,,"Arcane, Divine, Occult, Primal",https://2e.aonprd.com/Spells.aspx?ID=344
Unexpected Transposition,6,React to switch places with a creature.,,,,,"Arcane, Occult",https://2e.aonprd.com/Spells.aspx?ID=1024
Vampiric Exsanguination,6,Draw blood and life force from creatures in a cone.,,,,✓,"Arcane, Divine, Occult",https://2e.aonprd.com/Spells.aspx?ID=353
Vibrant Pattern,6,Make a pattern of lights that dazzles and blinds.,,,,,"Arcane, Occult",https://2e.aonprd.com/Spells.aspx?ID=357
Wall of Force,6,Create an invisible and durable wall of magical force.,,,,✓,"Arcane, Occult",https://2e.aonprd.com/Spells.aspx?ID=363
Zealous Conviction,6,Instill unshakable conviction and zeal in willing creatures.,,,,✓,"Divine, Occult",https://2e.aonprd.com/Spells.aspx?ID=378
Zero Gravity,6,Remove gravity in an area.,Uncommon,,,,"Arcane, Occult",https://2e.aonprd.com/Spells.aspx?ID=1035
Blightburn Blast,7,Inflict a creature with blightburn sickness.,Uncommon,,,,"Arcane, Occult, Primal",https://2e.aonprd.com/Spells.aspx?ID=651
Dimensional Lock,7,Prevent teleportation and planar travel.,Uncommon,,,,"Arcane, Divine, Occult",https://2e.aonprd.com/Spells.aspx?ID=71
Duplicate Foe,7,Create a temporary duplicate of an enemy that fights for you.,,,,✓,"Arcane, Occult",https://2e.aonprd.com/Spells.aspx?ID=93
Energy Aegis,7,"A creature gains resistance to acid, cold, electricity, fire, force, and sonic.",,,,✓,"Arcane, Divine, Occult, Primal",https://2e.aonprd.com/Spells.aspx?ID=100
Ethereal Jaunt,7,Use the Ethereal Plane to move through objects and into the air.,Uncommon,,,✓,"Divine, Occult",https://2e.aonprd.com/Spells.aspx?ID=105
Force Cage,7,Form a prison of pure magical force.,,,,,"Arcane, Occult",https://2e.aonprd.com/Spells.aspx?ID=690
Inexhaustible Cynicism,7,Make creatures paranoid and cynical.,,,,,"Arcane, Divine, Occult",https://2e.aonprd.com/Spells.aspx?ID=931
Leng Sting,7,You use the power of nightmares to magically replicate the venomous attack of the aberrant and cunning Leng spiders.,Uncommon,,,,"Arcane, Occult",https://2e.aonprd.com/Spells.aspx?ID=827
Magnificent Mansion,7,Conjure a secure dwelling in a demiplane.,Uncommon,,,,"Arcane, Occult",https://2e.aonprd.com/Spells.aspx?ID=183
Mask of Terror,7,A creature’s fearsome illusory appearance frightens observers.,,,,✓,"Arcane, Occult, Primal",https://2e.aonprd.com/Spells.aspx?ID=185
Maze of Locked Doors,7,"The target of your spell is drawn into a long, twisting, extradimensional hallway.",Uncommon,,,,"Arcane, Occult",https://2e.aonprd.com/Spells.aspx?ID=822
Plane Shift,7,Transport creatures to another plane of existence.,Uncommon,,,,"Arcane, Divine, Occult, Primal",https://2e.aonprd.com/Spells.aspx?ID=222
Possession,7,Send your mind and soul into another creature’s body.,Uncommon,,,✓,Occult,https://2e.aonprd.com/Spells.aspx?ID=225
Prismatic Armor,7,Multicolored armor dazzles foes and protects against many damage types.,,,,✓,"Arcane, Occult",https://2e.aonprd.com/Spells.aspx?ID=973
Prismatic Spray,7,Shoot rainbow beams that have various effects on creatures in a cone.,,,,,"Arcane, Occult",https://2e.aonprd.com/Spells.aspx?ID=233
Project Image,7,Make an illusion of yourself you can cast spells through.,,,,✓,"Arcane, Occult",https://2e.aonprd.com/Spells.aspx?ID=237
Retrocognition,7,Sense impressions of past events at your location.,,,,✓,Occult,https://2e.aonprd.com/Spells.aspx?ID=260
Return to Essence,7,"You unravel the magic of a spell that affects a container, door, or lock, converting it into energy you can repurpose to power your own spells.",Rare,,,✓,"Arcane, Divine, Occult",https://2e.aonprd.com/Spells.aspx?ID=1087
Reverse Gravity,7,Flip the gravitational pull in an area.,Uncommon,,,,"Arcane, Occult",https://2e.aonprd.com/Spells.aspx?ID=261
Shadow Raid,7,A swarm of illusory shadows damages foes in the area and provides concealment.,,,,✓,"Arcane, Occult",https://2e.aonprd.com/Spells.aspx?ID=996
Tempest of Shades,7,Summon an incarnate tornado of undead shades to drain and frighten foes.,,,,,"Arcane, Divine, Occult",https://2e.aonprd.com/Spells.aspx?ID=1015
Time Beacon,7,"You create a beacon in time, intending to return to it if things go wrong.",,,,,"Arcane, Occult",https://2e.aonprd.com/Spells.aspx?ID=592
True Target,7,You delve into the possible futures of the next few seconds to understand all the ways your foe might avoid harm.,,,,,"Arcane, Occult",https://2e.aonprd.com/Spells.aspx?ID=346
Visions of Danger,7,"Create a vision of horrid, swarming creatures that causes mental damage.",,,,✓,Occult,https://2e.aonprd.com/Spells.aspx?ID=358
Warp Mind,7,"Confuse a creature, possibly permanently.",,,,,"Arcane, Occult",https://2e.aonprd.com/Spells.aspx?ID=369
Antimagic Field,8,Magic doesn't function in an area around you.,Rare,,,,"Arcane, Divine, Occult",https://2e.aonprd.com/Spells.aspx?ID=14
Canticle of Everlasting Grief,8,"Mournful dirge frightens and mentally damages a foe, preventing its bonuses.",,,,,"Divine, Occult",https://2e.aonprd.com/Spells.aspx?ID=879
Devour Life,8,You attempt to utterly consume the target's life force.,Uncommon,,,✓,"Divine, Occult",https://2e.aonprd.com/Spells.aspx?ID=657
Disappearance,8,"Make a creature invisible, silent, and undetectable by any and all senses.",,,,,"Arcane, Occult",https://2e.aonprd.com/Spells.aspx?ID=73
Discern Location,8,Discover a target's exact location within unlimited range.,Uncommon,,,,"Arcane, Divine, Occult",https://2e.aonprd.com/Spells.aspx?ID=75
Dream Council,8,Communicate through a shared dream.,,,,,"Arcane, Occult",https://2e.aonprd.com/Spells.aspx?ID=89
Maze,8,Trap a creature in an extradimensional maze.,,,,,"Arcane, Occult",https://2e.aonprd.com/Spells.aspx?ID=187
Mind Blank,8,Protect a creature from mental magic and some divinations.,Uncommon,,,,"Arcane, Occult",https://2e.aonprd.com/Spells.aspx?ID=192
Prismatic Wall,8,Form a protective wall with seven chromatic layers.,,,,,"Arcane, Occult",https://2e.aonprd.com/Spells.aspx?ID=234
Prying Survey,8,"You create eight invisible, floating eyes, each about 3 inches in diameter, that scan the area around you, transmitting rough impressions of the environment.",Uncommon,,,✓,"Arcane, Occult",https://2e.aonprd.com/Spells.aspx?ID=658
Scintillating Pattern,8,"Cause an array of color that dazzles, confuses, and stuns.",,,,,"Arcane, Occult",https://2e.aonprd.com/Spells.aspx?ID=267
Spirit Song,8,Sing an eldritch song that damages any creature that has a spirit.,,,,✓,Occult,https://2e.aonprd.com/Spells.aspx?ID=303
Spiritual Epidemic,8,Weaken a target with a communicable curse.,,,,,"Divine, Occult",https://2e.aonprd.com/Spells.aspx?ID=304
Uncontrollable Dance,8,Overcome a target with an all-consuming urge to dance.,,,,,"Arcane, Occult",https://2e.aonprd.com/Spells.aspx?ID=347
Undermine Reality,8,"You lash a target with tendrils of shadow that steal some of its substance, making it quasi-real.",Uncommon,,,,"Arcane, Occult",https://2e.aonprd.com/Spells.aspx?ID=659
Unrelenting Observation,8,You and other creatures use scrying to track a subject exactly.,,,,,"Arcane, Occult",https://2e.aonprd.com/Spells.aspx?ID=351
Astral Labyrinth,9,You connect the entire area with an invisible maze of astral energy that interferes with dimensional and mental magic.,Uncommon,,,✓,"Arcane, Divine, Occult",https://2e.aonprd.com/Spells.aspx?ID=655
Bind Soul,9,Imprison a dead creature's soul.,Uncommon,,,,"Divine, Occult",https://2e.aonprd.com/Spells.aspx?ID=21
Divinity Leech,9,"You disrupt the connection between a divine caster or deific servitor and their deity, blocking their use of divine power.",Rare,,,,"Arcane, Occult",https://2e.aonprd.com/Spells.aspx?ID=837
Foresight,9,Sense when a creature is in danger and react to protect it with good fortune.,,,,,"Arcane, Divine, Occult",https://2e.aonprd.com/Spells.aspx?ID=127
Overwhelming Presence,9,Take on the majesty of a god.,,,,,"Divine, Occult",https://2e.aonprd.com/Spells.aspx?ID=212
Prismatic Shield,9,"Shield-sized shards of multicolored light manifest in the air around you, each rotating quickly to intercept attacks.",Rare,,,,"Arcane, Occult",https://2e.aonprd.com/Spells.aspx?ID=838
Prismatic Sphere,9,Form a protective sphere composed of seven chromatic layers.,,,,,"Arcane, Occult",https://2e.aonprd.com/Spells.aspx?ID=232
Proliferating Eyes,9,"You implant a contagious, scrying eye that spreads to others by touch.",,,,,"Arcane, Divine, Occult",https://2e.aonprd.com/Spells.aspx?ID=974
Resplendent Mansion,9,Conjure a mansion that lasts for a day.,,,,,"Arcane, Occult",https://2e.aonprd.com/Spells.aspx?ID=257
Telepathic Demand,9,Send a mental message that impels a creature toward a course of action.,,,,,"Arcane, Divine, Occult",https://2e.aonprd.com/Spells.aspx?ID=336
Unfathomable Song,9,Song debilitates creatures in weird ways.,,,,,Occult,https://2e.aonprd.com/Spells.aspx?ID=349
Unspeakable Shadow,9,Transform a creature's shadow into a frightening monster and make them flee or fight it.,,,,,"Arcane, Occult",https://2e.aonprd.com/Spells.aspx?ID=1025
Voracious Gestalt,9,Create a spirit gestalt that eats souls and grows stronger.,,,,✓,"Divine, Occult",https://2e.aonprd.com/Spells.aspx?ID=1027
Wail of the Banshee,9,"Scream, dealing damage and draining creatures.",,,,,"Divine, Occult",https://2e.aonprd.com/Spells.aspx?ID=361
Weird,9,"Frighten, deal mental damage, and possibly kill large numbers of creatures.",,,,,"Arcane, Occult",https://2e.aonprd.com/Spells.aspx?ID=375
Alter Reality,10,Warp reality to duplicate occult spells.,,,,,Occult,https://2e.aonprd.com/Spells.aspx?ID=8
Fabricated Truth,10,Make creatures believe something is fact.,,,,,Occult,https://2e.aonprd.com/Spells.aspx?ID=106
Fated Confrontation,10,Isolate two fated opponents and let them twist each other's fate.,,,,,"Arcane, Divine, Occult, Primal",https://2e.aonprd.com/Spells.aspx?ID=908
Gate,10,Tear open a portal to another plane.,Uncommon,,,,"Arcane, Divine, Occult",https://2e.aonprd.com/Spells.aspx?ID=130
Indestructibility,10,Become briefly immune to everything.,,,,,"Arcane, Divine, Occult, Primal",https://2e.aonprd.com/Spells.aspx?ID=699
Nullify,10,React to automatically counteract a spell and take backlash damage.,,,,,"Arcane, Divine, Occult, Primal",https://2e.aonprd.com/Spells.aspx?ID=958
Remake,10,Recreate a destroyed object.,Uncommon,,,,"Arcane, Divine, Occult, Primal",https://2e.aonprd.com/Spells.aspx?ID=249
Shadow Army,10,Duplicate yourself to have your shadows fight enemies as you hide amongst them.,,,,,"Arcane, Occult",https://2e.aonprd.com/Spells.aspx?ID=994
Time Stop,10,Briefly stop time for everything but you.,,,,,"Arcane, Occult",https://2e.aonprd.com/Spells.aspx?ID=339
